code,name,hex,textureUrl
U001,Grijs,#b3b3b3,/textures/unilin/U001.jpg
U002,Lichtgrijs,#d9d9d9,/textures/unilin/U002.jpg
U003,Lichtgrijs,#d9d9d9,/textures/unilin/U003.jpg
U004,Wit,#f5f5f5,/textures/unilin/U004.jpg
U005,Concrete Dark,#7a7a7a,/textures/unilin/U005.jpg
U006,Grijs,#b3b3b3,/textures/unilin/U006.jpg
U007,Walnut,#6f4a2f,/textures/unilin/U007.jpg
U008,Zwart,#222222,/textures/unilin/U008.jpg
U009,Concrete Light,#bcbcbc,/textures/unilin/U009.jpg
U010,Walnut,#6f4a2f,/textures/unilin/U010.jpg
U011,Concrete Dark,#7a7a7a,/textures/unilin/U011.jpg
U012,Concrete Light,#bcbcbc,/textures/unilin/U012.jpg
U013,Concrete Dark,#7a7a7a,/textures/unilin/U013.jpg
U014,Lichtgrijs,#d9d9d9,/textures/unilin/U014.jpg
U015,Lichtgrijs,#d9d9d9,/textures/unilin/U015.jpg
U016,Natural Oak,#a7814a,/textures/unilin/U016.jpg
U017,Natural Oak,#a7814a,/textures/unilin/U017.jpg
U018,Concrete Dark,#7a7a7a,/textures/unilin/U018.jpg
U019,Walnut,#6f4a2f,/textures/unilin/U019.jpg
U020,Lichtgrijs,#d9d9d9,/textures/unilin/U020.jpg
U021,Concrete Light,#bcbcbc,/textures/unilin/U021.jpg
U022,Walnut,#6f4a2f,/textures/unilin/U022.jpg
U023,Concrete Dark,#7a7a7a,/textures/unilin/U023.jpg
U024,Grijs,#b3b3b3,/textures/unilin/U024.jpg
U025,Walnut,#6f4a2f,/textures/unilin/U025.jpg
U026,Concrete Dark,#7a7a7a,/textures/unilin/U026.jpg
U027,Concrete Dark,#7a7a7a,/textures/unilin/U027.jpg
U028,Natural Oak,#a7814a,/textures/unilin/U028.jpg
U029,Zwart,#222222,/textures/unilin/U029.jpg
U030,Walnut,#6f4a2f,/textures/unilin/U030.jpg
U031,Grijs,#b3b3b3,/textures/unilin/U031.jpg
U032,Walnut,#6f4a2f,/textures/unilin/U032.jpg
U033,Lichtgrijs,#d9d9d9,/textures/unilin/U033.jpg
U034,Zwart,#222222,/textures/unilin/U034.jpg
U035,Walnut,#6f4a2f,/textures/unilin/U035.jpg
U036,Wit,#f5f5f5,/textures/unilin/U036.jpg
U037,Wit,#f5f5f5,/textures/unilin/U037.jpg
U038,Wit,#f5f5f5,/textures/unilin/U038.jpg
U039,Wit,#f5f5f5,/textures/unilin/U039.jpg
U040,Concrete Dark,#7a7a7a,/textures/unilin/U040.jpg
U041,Grijs,#b3b3b3,/textures/unilin/U041.jpg
U042,Natural Oak,#a7814a,/textures/unilin/U042.jpg
U043,Natural Oak,#a7814a,/textures/unilin/U043.jpg
U044,Concrete Light,#bcbcbc,/textures/unilin/U044.jpg
U045,Natural Oak,#a7814a,/textures/unilin/U045.jpg
U046,Lichtgrijs,#d9d9d9,/textures/unilin/U046.jpg
U047,Grijs,#b3b3b3,/textures/unilin/U047.jpg
U048,Grijs,#b3b3b3,/textures/unilin/U048.jpg
U049,Zwart,#222222,/textures/unilin/U049.jpg
U050,Concrete Dark,#7a7a7a,/textures/unilin/U050.jpg
U051,Grijs,#b3b3b3,/textures/unilin/U051.jpg
U052,Concrete Dark,#7a7a7a,/textures/unilin/U052.jpg
U053,Grijs,#b3b3b3,/textures/unilin/U053.jpg
U054,Natural Oak,#a7814a,/textures/unilin/U054.jpg
U055,Wit,#f5f5f5,/textures/unilin/U055.jpg
U056,Zwart,#222222,/textures/unilin/U056.jpg
U057,Natural Oak,#a7814a,/textures/unilin/U057.jpg
U058,Natural Oak,#a7814a,/textures/unilin/U058.jpg
U059,Concrete Light,#bcbcbc,/textures/unilin/U059.jpg
U060,Zwart,#222222,/textures/unilin/U060.jpg
U061,Zwart,#222222,/textures/unilin/U061.jpg
U062,Zwart,#222222,/textures/unilin/U062.jpg
U063,Natural Oak,#a7814a,/textures/unilin/U063.jpg
U064,Wit,#f5f5f5,/textures/unilin/U064.jpg
U065,Natural Oak,#a7814a,/textures/unilin/U065.jpg
U066,Walnut,#6f4a2f,/textures/unilin/U066.jpg
U067,Walnut,#6f4a2f,/textures/unilin/U067.jpg
U068,Zwart,#222222,/textures/unilin/U068.jpg
U069,Natural Oak,#a7814a,/textures/unilin/U069.jpg
U070,Concrete Dark,#7a7a7a,/textures/unilin/U070.jpg
U071,Lichtgrijs,#d9d9d9,/textures/unilin/U071.jpg
U072,Concrete Light,#bcbcbc,/textures/unilin/U072.jpg
U073,Lichtgrijs,#d9d9d9,/textures/unilin/U073.jpg
U074,Zwart,#222222,/textures/unilin/U074.jpg
U075,Concrete Light,#bcbcbc,/textures/unilin/U075.jpg
U076,Walnut,#6f4a2f,/textures/unilin/U076.jpg
U077,Natural Oak,#a7814a,/textures/unilin/U077.jpg
U078,Concrete Dark,#7a7a7a,/textures/unilin/U078.jpg
U079,Walnut,#6f4a2f,/textures/unilin/U079.jpg
U080,Concrete Dark,#7a7a7a,/textures/unilin/U080.jpg
U081,Walnut,#6f4a2f,/textures/unilin/U081.jpg
U082,Walnut,#6f4a2f,/textures/unilin/U082.jpg
U083,Zwart,#222222,/textures/unilin/U083.jpg
U084,Zwart,#222222,/textures/unilin/U084.jpg
U085,Concrete Dark,#7a7a7a,/textures/unilin/U085.jpg
U086,Walnut,#6f4a2f,/textures/unilin/U086.jpg
U087,Zwart,#222222,/textures/unilin/U087.jpg
U088,Walnut,#6f4a2f,/textures/unilin/U088.jpg
U089,Zwart,#222222,/textures/unilin/U089.jpg
U090,Walnut,#6f4a2f,/textures/unilin/U090.jpg
U091,Grijs,#b3b3b3,/textures/unilin/U091.jpg
U092,Concrete Dark,#7a7a7a,/textures/unilin/U092.jpg
U093,Walnut,#6f4a2f,/textures/unilin/U093.jpg
U094,Lichtgrijs,#d9d9d9,/textures/unilin/U094.jpg
U095,Grijs,#b3b3b3,/textures/unilin/U095.jpg
U096,Lichtgrijs,#d9d9d9,/textures/unilin/U096.jpg
U097,Concrete Light,#bcbcbc,/textures/unilin/U097.jpg
U098,Concrete Dark,#7a7a7a,/textures/unilin/U098.jpg
U099,Concrete Dark,#7a7a7a,/textures/unilin/U099.jpg
U100,Lichtgrijs,#d9d9d9,/textures/unilin/U100.jpg
U101,Wit,#f5f5f5,/textures/unilin/U101.jpg
U102,Grijs,#b3b3b3,/textures/unilin/U102.jpg
U103,Natural Oak,#a7814a,/textures/unilin/U103.jpg
U104,Natural Oak,#a7814a,/textures/unilin/U104.jpg
U105,Concrete Dark,#7a7a7a,/textures/unilin/U105.jpg
U106,Natural Oak,#a7814a,/textures/unilin/U106.jpg
U107,Walnut,#6f4a2f,/textures/unilin/U107.jpg
U108,Walnut,#6f4a2f,/textures/unilin/U108.jpg
U109,Walnut,#6f4a2f,/textures/unilin/U109.jpg
U110,Grijs,#b3b3b3,/textures/unilin/U110.jpg
U111,Concrete Light,#bcbcbc,/textures/unilin/U111.jpg
U112,Natural Oak,#a7814a,/textures/unilin/U112.jpg
U113,Zwart,#222222,/textures/unilin/U113.jpg
U114,Grijs,#b3b3b3,/textures/unilin/U114.jpg
U115,Walnut,#6f4a2f,/textures/unilin/U115.jpg
U116,Grijs,#b3b3b3,/textures/unilin/U116.jpg
U117,Natural Oak,#a7814a,/textures/unilin/U117.jpg
U118,Natural Oak,#a7814a,/textures/unilin/U118.jpg
U119,Concrete Dark,#7a7a7a,/textures/unilin/U119.jpg
U120,Zwart,#222222,/textures/unilin/U120.jpg
